<?xml version="1.0" encoding="utf-8"?>
<!--/13404579/1514891/2.50/2/3/Capacitor/-->
<quadcept_library>
  <setting unit="mil" />
  <textstyle name="Default" height="47.244094488189" strokewidth="7.8740157480315" charwidth="47.244094488189" />
  <textstyle name="Dimension" height="19.6850393700787" strokewidth="0" charwidth="19.6850393700787" />
  <textstyle name="H127W0635TH00762" height="50" strokewidth="3" charwidth="25" />
  <textstyle name="H15W15TH02" height="59.0551181102362" strokewidth="7.8740157480315" charwidth="59.0551181102362" />
  <padstyle name="r182_117" surface="True" plated="False" isvia="False" nopaste="False" nomask="True" complex="False" holesize="0">
    <padshape layer="TOP" shape="rectangle" width="46.062992125984" height="71.653543307086" />
    <padshape layer="TOP_SOLDER_MASK" shape="rectangle" width="53.937007874015" height="79.527559055117" />
    <padshape layer="TOP_SOLDER_PASTE" shape="rectangle" width="46.062992125984" height="71.653543307086" />
  </padstyle>
  <footprint name="CAPC3316X180N" originx="0" originy="0" pickpointx="0" pickpointy="0">
    <pcbpin number="1" name="1" style="r182_117" originx="-55.905511811023" originy="0" rotation="0" />
    <pcbpin number="2" name="2" style="r182_117" originx="55.905511811023" originy="0" rotation="0" />
    <line layer="TOP_PLACE_BOUND" originx="-84.842519685038" originy="41.732283464566" endx="84.842519685038" endy="41.732283464566" width="1.9685039370079" />
    <line layer="TOP_PLACE_BOUND" originx="84.842519685038" originy="41.732283464566" endx="84.842519685038" endy="-41.732283464566" width="1.9685039370079" />
    <line layer="TOP_PLACE_BOUND" originx="84.842519685038" originy="-41.732283464566" endx="-84.842519685038" endy="-41.732283464566" width="1.9685039370079" />
    <line layer="TOP_PLACE_BOUND" originx="-84.842519685038" originy="-41.732283464566" endx="-84.842519685038" endy="41.732283464566" width="1.9685039370079" />
    <line layer="TOP_ASSEMBLY" originx="-64.960629921259" originy="31.496062992126" endx="64.960629921259" endy="31.496062992126" width="3.9370078740157" />
    <line layer="TOP_ASSEMBLY" originx="64.960629921259" originy="31.496062992126" endx="64.960629921259" endy="-31.496062992126" width="3.9370078740157" />
    <line layer="TOP_ASSEMBLY" originx="64.960629921259" originy="-31.496062992126" endx="-64.960629921259" endy="-31.496062992126" width="3.9370078740157" />
    <line layer="TOP_ASSEMBLY" originx="-64.960629921259" originy="-31.496062992126" endx="-64.960629921259" endy="31.496062992126" width="3.9370078740157" />
    <line layer="TOP_SILKSCREEN" originx="0" originy="27.55905511811" endx="0" endy="-27.55905511811" width="7.8740157480314" />
  </footprint>
  <symbol name="1206GA101JAT2A" originx="0" originy="0">
    <line originx="220" originy="100" endx="220" endy="-100" width="0" />
    <line originx="280" originy="100" endx="280" endy="-100" width="0" />
    <line originx="200" originy="0" endx="220" endy="0" width="0" />
    <line originx="280" originy="0" endx="300" endy="0" width="0" />
    <sympin number="1" originx="200" originy="0" rotation="180" length="100" width="7.8740157480315" flipped="False">
      <text name="pinname" originx="0" originy="-10" style="Default" rotation="0" justify="upperleft" flipped="False" hidden="True" data="1" />
      <text name="pindes" originx="0" originy="10" style="Default" rotation="0" justify="lowerleft" flipped="False" hidden="False" data="1" />
    </sympin>
    <sympin number="2" originx="300" originy="0" rotation="0" length="100" width="7.8740157480315" flipped="False">
      <text name="pinname" originx="500" originy="-10" style="Default" rotation="0" justify="upperright" flipped="False" hidden="True" data="2" />
      <text name="pindes" originx="500" originy="10" style="Default" rotation="0" justify="lowerright" flipped="False" hidden="False" data="2" />
    </sympin>
  </symbol>
  <component name="1206GA101JAT2A" designatorprefix="C" height="70.866141732283" footprint="CAPC3316X180N">
    <comppin designator="1" sympin="1" pinswap="0" gateswap="0" gate="1" group="1" side="" type="Any" name="1" />
    <comppin designator="2" sympin="2" pinswap="0" gateswap="0" gate="1" group="1" side="" type="Any" name="2" />
    <attached_symbol gate="1" name="1206GA101JAT2A" />
    <pinmap designator="1" footprintpin="1" />
    <pinmap designator="2" footprintpin="2" />
    <text name="Datasheet" originx="0" originy="0" style="Default" rotation="0" justify="" flipped="False" hidden="True" data="" />
    <text name="Description" originx="0" originy="0" style="Default" rotation="0" justify="" flipped="False" hidden="True" data="Multilayer Ceramic Capacitors MLCC - SMD/SMT 2KV 100pF C0G 1206 5% Tol HV" />
    <text name="Mouser Part Number" originx="0" originy="0" style="Default" rotation="0" justify="" flipped="False" hidden="True" data="581-1206GA101JAT2A" />
    <text name="Mouser Price/Stock" originx="0" originy="0" style="Default" rotation="0" justify="" flipped="False" hidden="True" data="https://www.mouser.co.uk/ProductDetail/Kyocera-AVX/1206GA101JAT2A?qs=ZBeOGGPQgEG9VNmjew%2FJxw%3D%3D" />
    <text name="Manufacturer_Name" originx="0" originy="0" style="Default" rotation="0" justify="" flipped="False" hidden="True" data="Kyocera AVX" />
    <text name="Manufacturer_Part_Number" originx="350" originy="150" style="Default" rotation="0" justify="left" flipped="False" hidden="False" data="1206GA101JAT2A" />
  </component>
</quadcept_library>
