{
	"metaDataVersion": "1.0.0",
	"category": "com.microchip.ide.project",
	"content": {
		"metaDataVersion": "1.1.0",
		"name": "com.microchip.mcu32.mplabx.project.csp_apps_pic32mz_ef_adchs_polled",
		"version": "3.4.0",
		"displayName": "ADCHS polling Example for PIC32MZ EF Family",
		"projectName": "adchs_polled_pic32mz_ef_sk",
		"shortDescription": "This example application shows how to sample an analog input using the ADCHS peripheral and displays the converted samples on a serial terminal.",
		"ide": {
			"name": "MPLABX",
			"semverRange": ">=6.5.0"
		},
		"compiler": [
			{
				"name": "XC32",
				"semverRange": ">=4.21.0"
			}
		],
		"dfp": {
			"name": "PIC32MZ-EF_DFP",
			"semverRange": "^1.3.58"
		},
		"configurator": {
			"name": "MCC",
			"semverRange": ">=5.3.0"
		},
		"device": {
			"metaDataVersion": "1.0.0",
			"category": "com.microchip.portal.contentRef",
			"content": {
				"metaDataVersion": "1.0.0",
				"category": "com.microchip.device",
				"name": "PIC32MZ2048EFH144",
				"versionRange": "*"
			}
		},
		"author": "Microchip",
		"subcategories": [
			[
				"Development Kit",
				"PIC32MZ Embedded Connectivity with FPU (EF) Starter Kit"
			],
			[
				"Harmony",
				"Peripherals",
				"ADCHS"
			],
			[
				"Peripherals",
				"ADCHS"
			]
		],
		"peripherals": [
			"ADCHS"
		],
		"keywords": [
			"MHC",
			"Harmony",
			"PIC32MZ2048EFH144",
			"PIC32MZ EF Family",
			"AC voltage",
			"Analog to Digital Converter",
			"ADC",
			"High Speed ADC",
			"Analog"
		],
		"additionalData": {
			"longDescription": {
				"metaDataVersion": "1.0.0",
				"category": "com.microchip.portal.fileRef",
				"content": {
					"metaDataVersion": "1.0.0",
					"fileName": "./../../readme.md",
					"mimeType": "text/markdown"
				}
			}
		}
	}
}