<?xml version="1.0" encoding="UTF-8"?>
<project-private xmlns="http://www.netbeans.org/ns/project-private/1">
    <editor-bookmarks xmlns="http://www.netbeans.org/ns/editor-bookmarks/2" lastBookmarkId="0"/>
    <open-files xmlns="http://www.netbeans.org/ns/projectui-open-files/2">
        <group>
            <file>file:/C:/Users/erikc/Downloads/csp_apps_pic32mz_ef-master/csp_apps_pic32mz_ef-master/apps/adchs/adchs_polled/firmware/src/main.c</file>
            <file>file:/C:/Users/erikc/Downloads/csp_apps_pic32mz_ef-master/csp_apps_pic32mz_ef-master/apps/adchs/adchs_polled/firmware/src/config/pic32mz_ef_sk/peripheral/dmac/plib_dmac.c</file>
            <file>file:/C:/Users/erikc/Downloads/csp_apps_pic32mz_ef-master/csp_apps_pic32mz_ef-master/apps/adchs/adchs_polled/firmware/src/config/pic32mz_ef_sk/initialization.c</file>
            <file>file:/C:/Users/erikc/Downloads/csp_apps_pic32mz_ef-master/csp_apps_pic32mz_ef-master/apps/adchs/adchs_polled/firmware/src/config/pic32mz_ef_sk/peripheral/spi/spi_master/plib_spi1_master.c</file>
            <file>file:/C:/Users/erikc/Downloads/csp_apps_pic32mz_ef-master/csp_apps_pic32mz_ef-master/apps/adchs/adchs_polled/firmware/src/config/pic32mz_ef_sk/definitions.h</file>
        </group>
    </open-files>
</project-private>
